source,target
software engineer,software developer
senior software developer,software developer
senior software engineer,software developer
programmer,software developer
consultant,software developer
web developer,software developer
programmer analyst,software developer
research assistant,software developer
senior developer,software developer
intern,software developer
team lead,software developer
java developer,software developer
software consultant,software developer
contractor,software developer
project manager,software developer
programmer,senior software engineer
consultant,senior software engineer
software developer,senior software engineer
senior consultant,senior software engineer
senior developer,senior software engineer
technical lead,senior software engineer
project manager,senior software engineer
principal software engineer,senior software engineer
programmer analyst,senior software engineer
team lead,senior software engineer
senior programmer,senior software engineer
senior software developer,senior software engineer
software consultant,senior software engineer
duration,senior software engineer
lead software engineer,senior software engineer
senior software engineer,principal software engineer
consultant,principal software engineer
lead software engineer,principal software engineer
senior engineer,principal software engineer
principal engineer,principal software engineer
systems engineer,principal software engineer
team lead,principal software engineer
web developer,principal software engineer
system analyst,principal software engineer
contractor,principal software engineer
senior consultant,principal software engineer
software consultant,principal software engineer
manager,principal software engineer
software developer,principal software engineer
senior software developer,principal software engineer
software engineer,team lead
project manager,team lead
senior software engineer,team lead
developer,team lead
consultant,team lead
manager,team lead
team member,team lead
senior developer,team lead
software developer,team lead
programmer,team lead
project lead,team lead
programmer analyst,team lead
assistant manager,team lead
business analyst,team lead
customer service representative,team lead
software engineer,duration
senior software engineer,duration
team size,duration
client,duration
senior consultant,duration
team lead,duration
oracle hrms consultant,duration
functional consultant,duration
project description,duration
"role	developer",duration
technical consultant,duration
project manager,duration
project name,duration
associate,duration
technical lead,duration
intern,associate
senior associate,associate
attorney,associate
law clerk,associate
consultant,associate
vice president,associate
manager,associate
analyst,associate
summer associate,associate
sales associate,associate
legal intern,associate
director,associate
project manager,associate
contract attorney,associate
assistant manager,associate
law clerk,summer associate
intern,summer associate
legal intern,summer associate
attorney,summer associate
associate attorney,summer associate
research assistant,summer associate
contract attorney,summer associate
consultant,summer associate
litigation associate,summer associate
student attorney,summer associate
corporate associate,summer associate
analyst,summer associate
senior associate,summer associate
judicial intern,summer associate
legal assistant,summer associate
software engineer,software consultant
senior software engineer,software consultant
programmer,software consultant
senior programmer,software consultant
software developer,software consultant
senior consultant,software consultant
programmer analyst,software consultant
senior developer,software consultant
project manager,software consultant
senior software consultant,software consultant
project lead,software consultant
systems analyst,software consultant
system analyst,software consultant
technical lead,software consultant
duration,software consultant
law clerk,associate attorney
contract attorney,associate attorney
legal intern,associate attorney
intern,associate attorney
staff attorney,associate attorney
partner,associate attorney
legal assistant,associate attorney
senior attorney,associate attorney
document review attorney,associate attorney
summer associate,associate attorney
research assistant,associate attorney
senior associate attorney,associate attorney
attorney,associate attorney
managing attorney,associate attorney
judicial law clerk,associate attorney
law clerk,document review attorney
associate attorney,document review attorney
contract attorney,document review attorney
litigation associate,document review attorney
staff attorney,document review attorney
contractor,document review attorney
summer associate,document review attorney
litigation attorney,document review attorney
attorney,document review attorney
legal intern,document review attorney
associate counsel,document review attorney
associate,document review attorney
student attorney,document review attorney
research assistant,document review attorney
senior paralegal,document review attorney
manager,director
vice president,director
senior manager,director
project manager,director
senior director,director
consultant,director
general manager,director
president,director
program manager,director
senior project manager,director
account executive,director
senior consultant,director
executive director,director
product manager,director
account manager,director
legal assistant,senior paralegal
litigation paralegal,senior paralegal
paralegal specialist,senior paralegal
corporate paralegal,senior paralegal
law clerk,senior paralegal
paralegal,senior paralegal
senior legal assistant,senior paralegal
senior litigation paralegal,senior paralegal
document review attorney,senior paralegal
paralegal iii,senior paralegal
manager,senior paralegal
project manager,senior paralegal
trademark paralegal,senior paralegal
contract paralegal,senior paralegal
intern,senior paralegal
senior systems engineer,systems engineer
software engineer,systems engineer
network engineer,systems engineer
project manager,systems engineer
systems administrator,systems engineer
consultant,systems engineer
systems analyst,systems engineer
network administrator,systems engineer
programmer,systems engineer
senior software engineer,systems engineer
system administrator,systems engineer
manager,systems engineer
contractor,systems engineer
intern,systems engineer
test engineer,systems engineer
senior paralegal,trademark paralegal
legal assistant,trademark paralegal
ip paralegal,trademark paralegal
patent paralegal and trademark administrator,trademark paralegal
patent assistant,trademark paralegal
litigation paralegal,trademark paralegal
trademark administrator,trademark paralegal
billing clerk,trademark paralegal
tax examiner,trademark paralegal
securities paralegal,trademark paralegal
environmental health and safety compliance paralegal,trademark paralegal
senior trademark paralegal,trademark paralegal
ip and media paralegal,trademark paralegal
patent and trademark attorney,trademark paralegal
patent and trademark attorneys,trademark paralegal
software engineer,senior developer
senior software engineer,senior developer
consultant,senior developer
programmer,senior developer
software developer,senior developer
team lead,senior developer
technical lead,senior developer
lead developer,senior developer
senior consultant,senior developer
senior programmer,senior developer
programmer analyst,senior developer
system analyst,senior developer
project manager,senior developer
manager,senior developer
role developer,senior developer
project manager,program manager
senior project manager,program manager
director,program manager
consultant,program manager
senior program manager,program manager
senior manager,program manager
senior consultant,program manager
vice president,program manager
operations manager,program manager
program director,program manager
product manager,program manager
software engineer,program manager
project engineer,program manager
account manager,program manager
business analyst,program manager
vice president,senior director
manager,senior director
senior manager,senior director
consultant,senior director
project manager,senior director
senior vice president,senior director
general manager,senior director
managing director,senior director
program manager,senior director
associate director,senior director
executive director,senior director
senior consultant,senior director
senior project manager,senior director
director of marketing,senior director
director of operations,senior director
senior developer,developer
software engineer,developer
consultant,developer
programmer,developer
senior software engineer,developer
team lead,developer
software developer,developer
programmer analyst,developer
technical lead,developer
project manager,developer
lead developer,developer
web developer,developer
senior consultant,developer
systems analyst,developer
senior programmer,developer
senior software engineer,lead software engineer
software developer,lead software engineer
consultant,lead software engineer
senior consultant,lead software engineer
principal software engineer,lead software engineer
programmer,lead software engineer
software consultant,lead software engineer
project manager,lead software engineer
staff software engineer,lead software engineer
research assistant,lead software engineer
senior web developer,lead software engineer
systems analyst,lead software engineer
test engineer,lead software engineer
software development manager,lead software engineer
manager,lead software engineer
document review attorney,associate counsel
law clerk,associate counsel
associate attorney,associate counsel
attorney,associate counsel
intern,associate counsel
staff attorney,associate counsel
legal consultant,associate counsel
corporate counsel,associate counsel
legal intern,associate counsel
summer associate,associate counsel
contract analyst,associate counsel
contracts manager,associate counsel
tax associate,associate counsel
associate general counsel,associate counsel
senior counsel,associate counsel
legal assistant,paralegal specialist
senior paralegal,paralegal specialist
litigation paralegal,paralegal specialist
law clerk,paralegal specialist
volunteer,paralegal specialist
legal intern,paralegal specialist
customer service representative,paralegal specialist
secretary,paralegal specialist
contract administrator,paralegal specialist
legal secretary,paralegal specialist
management analyst,paralegal specialist
supervisory paralegal specialist,paralegal specialist
intern,paralegal specialist
case manager,paralegal specialist
administrative assistant ii,paralegal specialist
legal assistant,legal secretary
administrative assistant,legal secretary
paralegal,legal secretary
executive assistant,legal secretary
office manager,legal secretary
receptionist,legal secretary
executive secretary,legal secretary
legal administrative assistant,legal secretary
senior legal secretary,legal secretary
executive legal secretary,legal secretary
litigation secretary,legal secretary
sales associate,legal secretary
intern,legal secretary
floater legal secretary,legal secretary
secretary,legal secretary
legal secretary,legal administrative assistant
legal assistant,legal administrative assistant
executive assistant,legal administrative assistant
paralegal,legal administrative assistant
office manager,legal administrative assistant
secretary,legal administrative assistant
executive administrative assistant,legal administrative assistant
attorney,legal administrative assistant
customer service representative,legal administrative assistant
receptionist,legal administrative assistant
floating legal administrative assistant,legal administrative assistant
legal intern,legal administrative assistant
executive secretary,legal administrative assistant
senior administrative assistant,legal administrative assistant
legal executive assistant,legal administrative assistant
administrative assistant,executive assistant
office manager,executive assistant
senior administrative assistant,executive assistant
executive administrative assistant,executive assistant
receptionist,executive assistant
legal assistant,executive assistant
legal secretary,executive assistant
senior executive assistant,executive assistant
executive assistant to ceo,executive assistant
executive secretary,executive assistant
secretary,executive assistant
executive,executive assistant
project coordinator,executive assistant
manager,executive assistant
office administrator,executive assistant
administrative assistant,secretary
cashier,secretary
receptionist,secretary
sales associate,secretary
office manager,secretary
intern,secretary
legal secretary,secretary
executive assistant,secretary
customer service representative,secretary
office assistant,secretary
volunteer,secretary
executive secretary,secretary
legal assistant,secretary
vice president,secretary
president,secretary
legal assistant,paralegal
legal secretary,paralegal
administrative assistant,paralegal
litigation paralegal,paralegal
senior paralegal,paralegal
office manager,paralegal
intern,paralegal
law clerk,paralegal
attorney,paralegal
executive assistant,paralegal
legal intern,paralegal
manager,paralegal
corporate paralegal,paralegal
paralegal intern,paralegal
paralegal specialist,paralegal
network administrator,systems administrator
systems engineer,systems administrator
senior systems administrator,systems administrator
system administrator,systems administrator
consultant,systems administrator
network engineer,systems administrator
it manager,systems administrator
senior systems engineer,systems administrator
contractor,systems administrator
systems analyst,systems administrator
manager,systems administrator
programmer,systems administrator
computer technician,systems administrator
it consultant,systems administrator
technical support engineer,systems administrator
senior contracts manager,contracts manager
senior contracts administrator,contracts manager
contracts administrator,contracts manager
project manager,contracts manager
director,contracts manager
contract administrator,contracts manager
contracts specialist,contracts manager
attorney,contracts manager
consultant,contracts manager
legal assistant,contracts manager
senior manager,contracts manager
associate,contracts manager
program manager,contracts manager
contract manager,contracts manager
senior,contracts manager
legal assistant,corporate paralegal
litigation paralegal,corporate paralegal
senior paralegal,corporate paralegal
quality assurance technician,corporate paralegal
senior corporate paralegal,corporate paralegal
senior accountant,corporate paralegal
legal secretary,corporate paralegal
paralegal,corporate paralegal
administrative assistant,corporate paralegal
legal intern,corporate paralegal
securities paralegal,corporate paralegal
consultant,corporate paralegal
independent contractor,corporate paralegal
intern,corporate paralegal
executive assistant,corporate paralegal
senior software engineer,senior software developer
software engineer,senior software developer
consultant,senior software developer
programmer,senior software developer
senior programmer,senior software developer
senior programmer analyst,senior software developer
programmer analyst,senior software developer
senior developer,senior software developer
web developer,senior software developer
software programmer,senior software developer
senior consultant,senior software developer
contractor,senior software developer
team lead,senior software developer
software developer,senior software developer
principal software developer,senior software developer
legal intern,judicial intern
law clerk,judicial intern
associate,judicial intern
attorney,judicial intern
student attorney,judicial intern
legal assistant,judicial intern
associate attorney,judicial intern
research assistant,judicial intern
summer associate,judicial intern
contract attorney,judicial intern
volunteer attorney,judicial intern
paralegal,judicial intern
legal extern,judicial intern
pro bono attorney,judicial intern
legal fellow,judicial intern
associate,corporate counsel
attorney,corporate counsel
contract attorney,corporate counsel
law clerk,corporate counsel
associate attorney,corporate counsel
assistant general counsel,corporate counsel
general counsel,corporate counsel
litigation paralegal,corporate counsel
senior software and technology licensing counsel,corporate counsel
vice president,corporate counsel
legal consultant,corporate counsel
senior attorney,corporate counsel
of counsel,corporate counsel
litigation associate,corporate counsel
senior corporate counsel,corporate counsel
software engineer,web developer
software developer,web developer
programmer,web developer
senior web developer,web developer
consultant,web developer
senior software engineer,web developer
web designer,web developer
front end web developer,web developer
application developer,web developer
intern,web developer
systems architect,web developer
java developer,web developer
programmer analyst,web developer
project manager,web developer
senior developer,web developer
web designer,front end web developer
web developer,front end web developer
user interface developer,front end web developer
web producer,front end web developer
contractor,front end web developer
front end developer,front end web developer
ui,front end web developer
senior ui developer,front end web developer
graphic designer,front end web developer
website administrator,front end web developer
senior web developer,front end web developer
web designer developer,front end web developer
senior technology lead,front end web developer
web ui developer,front end web developer
website front end developer,front end web developer
web developer,front end developer
multimedia designer,front end developer
web designer,front end developer
senior ui designer,front end developer
senior web developer,front end developer
senior software engineer,front end developer
animator and graphic designer,front end developer
software engineer,front end developer
lead project engineer,front end developer
senior front end developer,front end developer
senior developer,front end developer
programmer,front end developer
freelance web developer,front end developer
ui developer,front end developer
back end developer,front end developer
senior ux,ui
web designer,ui
owner,ui
creative director,ui
graphic designer,ui
web,ui
art director,ui
senior web designer,ui
visual designer,ui
project manager,ui
web developer,ui
director of business development,ui
attorney,ui
marketing and sales manager,ui
graphic,ui
art director,web designer developer
front end web developer,web designer developer
user interface developer,web designer developer
web developer,web designer developer
disbursing clerk,web designer developer
researcher assistant,web designer developer
ui,web designer developer
analyst,web designer developer
senior designer,web designer developer
web,web designer developer
kyocharousa news paper advertisement,web designer developer
web cg designer,web designer developer
web developer consultant,web designer developer
web print media designer,web designer developer
software engineer,application developer
software developer,application developer
programmer,application developer
web developer,application developer
senior software engineer,application developer
senior application developer,application developer
programmer analyst,application developer
consultant,application developer
business analyst,application developer
senior developer,application developer
senior net developer,application developer
java developer,application developer
project manager,application developer
net developer,application developer
contractor,application developer
corporate,senior corporate paralegal
senior corporate,senior corporate paralegal
administrative assistant,senior corporate paralegal
senior corporate and securities paralegal,senior corporate paralegal
independent contractor,senior corporate paralegal
legal assistant,senior corporate paralegal
attorney,senior corporate paralegal
compliance manager,senior corporate paralegal
contract administrator,senior corporate paralegal
director of development,senior corporate paralegal
paralegal,senior corporate paralegal
senior paralegal,senior corporate paralegal
general counsel and secretary,senior corporate paralegal
corporate paralegal consultant,senior corporate paralegal
paralegal in,senior corporate paralegal
executive director,director of development
president,director of development
vice president,director of development
consultant,director of development
project manager,director of development
manager,director of development
associate director,director of development
development associate,director of development
intern,director of development
account executive,director of development
assistant director,director of development
software engineer,director of development
general manager,director of development
executive assistant,director of development
development consultant,director of development
manager,assistant director
administrative assistant,assistant director
intern,assistant director
project manager,assistant director
associate director,assistant director
office manager,assistant director
consultant,assistant director
assistant manager,assistant director
executive director,assistant director
supervisor,assistant director
vice president,assistant director
general manager,assistant director
teacher,assistant director
production assistant,assistant director
lead teacher,assistant director
contract attorney,pro bono attorney
legal intern,pro bono attorney
associate,pro bono attorney
law clerk,pro bono attorney
litigation associate,pro bono attorney
associate attorney,pro bono attorney
judicial intern,pro bono attorney
summer associate,pro bono attorney
per diem attorney,pro bono attorney
project coordinator,pro bono attorney
principal attorney,pro bono attorney
arbitrator,pro bono attorney
intern,pro bono attorney
research assistant,pro bono attorney
real estate agent,pro bono attorney
store manager,assistant manager
sales associate,assistant manager
general manager,assistant manager
cashier,assistant manager
administrative assistant,assistant manager
customer service representative,assistant manager
intern,assistant manager
office manager,assistant manager
sales representative,assistant manager
receptionist,assistant manager
supervisor,assistant manager
server,assistant manager
owner,assistant manager
operations manager,assistant manager
assistant store manager,assistant manager
administrative assistant,senior executive assistant
office manager,senior executive assistant
senior administrative assistant,senior executive assistant
executive administrative assistant,senior executive assistant
executive assistant to ceo,senior executive assistant
project coordinator,senior executive assistant
executive assistant,senior executive assistant
administrative coordinator,senior executive assistant
training co coordinator,senior executive assistant
consultant,senior executive assistant
secretary,senior executive assistant
legal secretary,senior executive assistant
contractor,senior executive assistant
legal assistant,senior executive assistant
office administrator,senior executive assistant
senior software engineer,senior software consultant
software engineer,senior software consultant
programmer analyst,senior software consultant
programmer,senior software consultant
senior programmer analyst,senior software consultant
project manager,senior software consultant
senior software developer,senior software consultant
senior consultant,senior software consultant
software developer,senior software consultant
technical lead,senior software consultant
senior developer,senior software consultant
developer,senior software consultant
team lead,senior software consultant
web developer,senior software consultant
senior programmer,senior software consultant
associate,general counsel
attorney,general counsel
associate attorney,general counsel
law clerk,general counsel
partner,general counsel
executive assistant,general counsel
assistant general counsel,general counsel
vice president,general counsel
contract attorney,general counsel
intern,general counsel
corporate counsel,general counsel
principal,general counsel
staff attorney,general counsel
senior counsel,general counsel
president,general counsel
general manager,owner
manager,owner
project manager,owner
sales representative,owner
director,owner
vice president,owner
account executive,owner
assistant manager,owner
store manager,owner
office manager,owner
operations manager,owner
administrative assistant,owner
sales manager,owner
supervisor,owner
sales associate,owner
program manager,program director
project manager,program director
manager,program director
vice president,program director
consultant,program director
executive director,program director
program coordinator,program director
senior project manager,program director
on air personality,program director
adjunct faculty,program director
intern,program director
social worker,program director
operations manager,program director
instructor,program director
senior manager,program director
associate attorney,staff attorney
associate,staff attorney
contract attorney,staff attorney
law clerk,staff attorney
legal intern,staff attorney
intern,staff attorney
vice president,staff attorney
document review attorney,staff attorney
legal assistant,staff attorney
assistant general counsel,staff attorney
summer associate,staff attorney
adjunct professor,staff attorney
managing attorney,staff attorney
assistant district attorney,staff attorney
project manager,staff attorney
director,adjunct professor
consultant,adjunct professor
instructor,adjunct professor
manager,adjunct professor
vice president,adjunct professor
assistant professor,adjunct professor
project manager,adjunct professor
teacher,adjunct professor
research assistant,adjunct professor
program manager,adjunct professor
executive director,adjunct professor
lecturer,adjunct professor
president,adjunct professor
attorney,adjunct professor
substitute teacher,adjunct professor
associate professor,assistant professor
instructor,assistant professor
director,assistant professor
research assistant,assistant professor
lecturer,assistant professor
teaching assistant,assistant professor
research associate,assistant professor
adjunct professor,assistant professor
consultant,assistant professor
adjunct faculty,assistant professor
graduate research assistant,assistant professor
adjunct instructor,assistant professor
intern,assistant professor
teacher,assistant professor
visiting assistant professor,assistant professor
research assistant,research associate
teaching assistant,research associate
intern,research associate
research scientist,research associate
graduate research assistant,research associate
senior research associate,research associate
assistant professor,research associate
consultant,research associate
research fellow,research associate
postdoctoral fellow,research associate
instructor,research associate
research analyst,research associate
project manager,research associate
scientist,research associate
manager,research associate
sales associate,server
cashier,server
bartender,server
intern,server
assistant manager,server
manager,server
administrative assistant,server
receptionist,server
hostess,server
customer service representative,server
sales representative,server
volunteer,server
general manager,server
office manager,server
office assistant,server
server,bartender
manager,bartender
bar manager,bartender
sales associate,bartender
head bartender,bartender
assistant manager,bartender
general manager,bartender
cashier,bartender
receptionist,bartender
intern,bartender
waitress,bartender
administrative assistant,bartender
sales representative,bartender
waiter,bartender
customer service representative,bartender
duration,client
tools and technologies,client
project name,client
software engineer,client
period,client
sap pp,client
project manager,client
qa analyst,client
end date,client
contractor,client
senior software engineer,client
consultant,client
developer,client
test engineer,client
sap fi,client
systems engineer,senior systems administrator
consultant,senior systems administrator
senior systems engineer,senior systems administrator
manager,senior systems administrator
network administrator,senior systems administrator
network engineer,senior systems administrator
system administrator,senior systems administrator
it manager,senior systems administrator
it consultant,senior systems administrator
senior network engineer,senior systems administrator
independent contractor,senior systems administrator
systems analyst,senior systems administrator
director,senior systems administrator
implementation specialist,senior systems administrator
computer operator,senior systems administrator
network administrator,system administrator
system engineer,system administrator
systems administrator,system administrator
network engineer,system administrator
consultant,system administrator
senior system administrator,system administrator
systems engineer,system administrator
contractor,system administrator
technical support engineer,system administrator
project manager,system administrator
software engineer,system administrator
customer support engineer,system administrator
system analyst,system administrator
it specialist,system administrator
it manager,system administrator
systems engineer,lead project engineer
engineering manager,lead project engineer
lead systems engineer,lead project engineer
director,lead project engineer
owner,lead project engineer
design engineer,lead project engineer
program manager,lead project engineer
electrical engineer,lead project engineer
mechanical engineer,lead project engineer
senior electrical engineer,lead project engineer
director of engineering,lead project engineer
consultant,lead project engineer
project manager,lead project engineer
engineering department manager,lead project engineer
advanced systems design engineer,lead project engineer
chief engineer,director of engineering
engineering manager,director of engineering
vice president,director of engineering
manager,director of engineering
project manager,director of engineering
software engineer,director of engineering
project engineer,director of engineering
senior software engineer,director of engineering
senior engineer,director of engineering
consultant,director of engineering
senior manager,director of engineering
program manager,director of engineering
vice president of engineering,director of engineering
maintenance manager,director of engineering
senior mechanical engineer,director of engineering
project engineer,senior mechanical engineer
mechanical design engineer,senior mechanical engineer
design engineer,senior mechanical engineer
senior engineer,senior mechanical engineer
project manager,senior mechanical engineer
senior mechanical design engineer,senior mechanical engineer
senior project engineer,senior mechanical engineer
lead mechanical engineer,senior mechanical engineer
engineering manager,senior mechanical engineer
consultant,senior mechanical engineer
senior product development engineer,senior mechanical engineer
product development engineer,senior mechanical engineer
senior mechanical designer,senior mechanical engineer
mechanical engineer,senior mechanical engineer
staff mechanical engineer,senior mechanical engineer
project engineer,product development engineer
design engineer,product development engineer
senior mechanical engineer,product development engineer
product engineer,product development engineer
mechanical engineer,product development engineer
senior product development engineer,product development engineer
manufacturing engineer,product development engineer
manager,product development engineer
project manager,product development engineer
research assistant,product development engineer
intern,product development engineer
graduate research assistant,product development engineer
senior engineer,product development engineer
program manager,product development engineer
electrical engineer,product development engineer
project engineer,product engineer
design engineer,product engineer
manufacturing engineer,product engineer
senior product engineer,product engineer
mechanical engineer,product engineer
process engineer,product engineer
test engineer,product engineer
designer,product engineer
software engineer,product engineer
research assistant,product engineer
project manager,product engineer
program manager,product engineer
lead engineer,product engineer
senior engineer,product engineer
product design engineer,product engineer
manufacturing engineer,process engineer
senior process engineer,process engineer
project engineer,process engineer
research assistant,process engineer
project manager,process engineer
production supervisor,process engineer
quality engineer,process engineer
intern,process engineer
industrial engineer,process engineer
manager,process engineer
senior manufacturing engineer,process engineer
product engineer,process engineer
production manager,process engineer
design engineer,process engineer
graduate research assistant,process engineer
graphic designer,graphic
freelance graphic designer,graphic
art director,graphic
freelance designer,graphic
artist,graphic
multimedia designer,graphic
graphic artist,graphic
intern,graphic
web designer,graphic
independent contractor,graphic
creative director,graphic
motion graphics designer,graphic
multimedia director,graphic
administrative assistant,graphic
multimedia specialist,graphic
graphic design intern,freelance graphic designer
graphic designer,freelance graphic designer
art director,freelance graphic designer
senior graphic designer,freelance graphic designer
intern,freelance graphic designer
sales associate,freelance graphic designer
production artist,freelance graphic designer
graphic,freelance graphic designer
web designer,freelance graphic designer
graphic artist,freelance graphic designer
artist,freelance graphic designer
creative director,freelance graphic designer
administrative assistant,freelance graphic designer
manager,freelance graphic designer
cashier,freelance graphic designer
graphic designer,graphic design intern
freelance graphic designer,graphic design intern
sales associate,graphic design intern
freelance designer,graphic design intern
marketing intern,graphic design intern
art director,graphic design intern
junior graphic designer,graphic design intern
receptionist,graphic design intern
graphic artist,graphic design intern
volunteer,graphic design intern
designer,graphic design intern
senior graphic designer,graphic design intern
cashier,graphic design intern
production artist,graphic design intern
graphic design freelancer,graphic design intern
web developer,web producer
project manager,web producer
web designer,web producer
web content manager,web producer
production manager,web producer
game producer,web producer
director,web producer
freelance writer,web producer
writer,web producer
digital producer,web producer
manager,web producer
technical writer,web producer
content manager,web producer
copy editor,web producer
freelance editor,web producer
project manager,digital producer
digital project manager,digital producer
web producer,digital producer
receptionist,digital producer
associate producer,digital producer
senior digital producer,digital producer
account manager,digital producer
producer,digital producer
technical project manager,digital producer
associate digital producer,digital producer
interactive producer,digital producer
office manager,digital producer
secretary,digital producer
senior project manager,digital producer
production assistant,digital producer
senior project manager,digital project manager
marketing manager,digital project manager
account manager,digital project manager
producer,digital project manager
digital producer,digital project manager
receptionist,digital project manager
intern,digital project manager
digital account executive,digital project manager
digital account supervisor,digital project manager
director,digital project manager
project coordinator,digital project manager
senior consultant,digital project manager
program manager,digital project manager
contractor,digital project manager
owner,digital project manager
account director,digital account executive
manager,digital account executive
intern,digital account executive
digital project manager,digital account executive
digital account supervisor,digital account executive
sales representative,digital account executive
digital account manager,digital account executive
owner,digital account executive
director,digital account executive
customer account manager,digital account executive
research analyst,digital account executive
director of marketing,digital account executive
sales manager,digital account executive
senior account executive,digital account executive
account supervisor,digital account executive
account manager,senior account executive
sales manager,senior account executive
senior account manager,senior account executive
account supervisor,senior account executive
sales representative,senior account executive
regional sales manager,senior account executive
director,senior account executive
business development manager,senior account executive
vice president,senior account executive
director of sales,senior account executive
manager,senior account executive
owner,senior account executive
national account manager,senior account executive
project manager,senior account executive
account director,senior account executive
account executive,regional sales manager
sales representative,regional sales manager
account manager,regional sales manager
district sales manager,regional sales manager
national sales manager,regional sales manager
director of sales,regional sales manager
vice president,regional sales manager
director,regional sales manager
general manager,regional sales manager
senior account executive,regional sales manager
territory manager,regional sales manager
area sales manager,regional sales manager
regional manager,regional sales manager
business development manager,regional sales manager
district manager,regional sales manager
senior technical writer,technical writer
consultant,technical writer
business analyst,technical writer
instructional designer,technical writer
technical editor,technical writer
project manager,technical writer
lead technical writer,technical writer
editor,technical writer
contractor,technical writer
proposal writer,technical writer
documentation specialist,technical writer
writer,technical writer
technical writer contracted,technical writer
manager,technical writer
software tester,technical writer
general manager,regional manager
district manager,regional manager
director,regional manager
vice president,regional manager
regional sales manager,regional manager
sales manager,regional manager
branch manager,regional manager
sales representative,regional manager
account executive,regional manager
store manager,regional manager
project manager,regional manager
account manager,regional manager
territory manager,regional manager
operations manager,regional manager
owner,regional manager
administrative assistant,office manager
executive assistant,office manager
receptionist,office manager
customer service representative,office manager
assistant manager,office manager
secretary,office manager
sales associate,office manager
office assistant,office manager
bookkeeper,office manager
owner,office manager
operations manager,office manager
executive administrative assistant,office manager
office administrator,office manager
store manager,office manager
general manager,office manager
research assistant,intern
sales associate,intern
volunteer,intern
administrative assistant,intern
cashier,intern
teaching assistant,intern
marketing intern,intern
law clerk,intern
office assistant,intern
associate,intern
server,intern
consultant,intern
assistant manager,intern
vice president,intern
legal intern,intern
associate,partner
director,partner
vice president,partner
owner,partner
manager,partner
consultant,partner
president,partner
account executive,partner
project manager,partner
associate attorney,partner
general manager,partner
principal,partner
attorney,partner
senior associate,partner
senior manager,partner
associate attorney,volunteer attorney
legal intern,volunteer attorney
law clerk,volunteer attorney
contract attorney,volunteer attorney
associate,volunteer attorney
intern,volunteer attorney
research assistant,volunteer attorney
staff attorney,volunteer attorney
judicial intern,volunteer attorney
summer associate,volunteer attorney
legal extern,volunteer attorney
attorney law clerk,volunteer attorney
student attorney,volunteer attorney
legal clerk,volunteer attorney
legal assistant,volunteer attorney
legal intern,legal clerk
administrative assistant,legal clerk
associate attorney,legal clerk
attorney,legal clerk
law clerk,legal clerk
intern,legal clerk
consultant,legal clerk
legal assistant,legal clerk
paralegal,legal clerk
summer associate,legal clerk
legal secretary,legal clerk
office manager,legal clerk
associate,legal clerk
research assistant,legal clerk
legal extern,legal clerk
instructor,adjunct faculty
consultant,adjunct faculty
director,adjunct faculty
research assistant,adjunct faculty
project manager,adjunct faculty
manager,adjunct faculty
vice president,adjunct faculty
teacher,adjunct faculty
teaching assistant,adjunct faculty
intern,adjunct faculty
assistant professor,adjunct faculty
staff nurse,adjunct faculty
lecturer,adjunct faculty
program director,adjunct faculty
substitute teacher,adjunct faculty
summer associate,corporate associate
attorney,corporate associate
associate attorney,corporate associate
intern,corporate associate
contract attorney,corporate associate
senior corporate associate,corporate associate
senior associate,corporate associate
drilling engineer,corporate associate
litigation associate,corporate associate
counsel,corporate associate
real estate associate,corporate associate
business unit attorney,corporate associate
production attorney,corporate associate
senior drilling engineer,corporate associate
law clerk,corporate associate
account executive,business development manager
account manager,business development manager
sales manager,business development manager
regional sales manager,business development manager
director,business development manager
sales representative,business development manager
vice president,business development manager
senior account executive,business development manager
project manager,business development manager
general manager,business development manager
senior account manager,business development manager
consultant,business development manager
sales executive,business development manager
marketing manager,business development manager
director of business development,business development manager
process engineer,senior manufacturing engineer
project engineer,senior manufacturing engineer
industrial engineer,senior manufacturing engineer
project manager,senior manufacturing engineer
senior process engineer,senior manufacturing engineer
consultant,senior manufacturing engineer
senior engineer,senior manufacturing engineer
production supervisor,senior manufacturing engineer
production manager,senior manufacturing engineer
program manager,senior manufacturing engineer
manufacturing engineering manager,senior manufacturing engineer
engineering manager,senior manufacturing engineer
senior industrial engineer,senior manufacturing engineer
quality engineer,senior manufacturing engineer
mechanical engineer,senior manufacturing engineer
staff accountant,tax associate
accountant,tax associate
office manager,tax associate
senior accountant,tax associate
cashier,tax associate
intern,tax associate
senior tax associate,tax associate
tax intern,tax associate
administrative assistant,tax associate
sales associate,tax associate
bookkeeper,tax associate
software qa engineer,tax associate
accounting assistant,tax associate
accounting clerk,tax associate
financial analyst,tax associate
tax manager,senior tax associate
senior tax analyst,senior tax associate
senior tax accountant,senior tax associate
law clerk,senior tax associate
staff accountant,senior tax associate
senior associate,senior tax associate
consultant,senior tax associate
senior accountant,senior tax associate
tax consultant,senior tax associate
senior tax consultant,senior tax associate
administrative secretary,senior tax associate
tax accountant,senior tax associate
senior associate attorney,senior tax associate
tax senior,senior tax associate
senior hedge fund accounting analyst,senior tax associate
administrative assistant,administrative secretary
executive assistant,administrative secretary
legal secretary,administrative secretary
office manager,administrative secretary
receptionist,administrative secretary
executive secretary,administrative secretary
secretary iii,administrative secretary
office assistant,administrative secretary
customer service representative,administrative secretary
cashier,administrative secretary
secretary,administrative secretary
executive administrative assistant,administrative secretary
senior administrative assistant,administrative secretary
secretary ii,administrative secretary
substitute teacher,administrative secretary
tax manager,tax consultant
senior tax accountant,tax consultant
senior accountant,tax consultant
accountant,tax consultant
financial analyst,tax consultant
manager,tax consultant
controller,tax consultant
tax accountant,tax consultant
senior tax analyst,tax consultant
tax analyst,tax consultant
staff accountant,tax consultant
intern,tax consultant
document reviewer,tax consultant
contractor,tax consultant
accounting manager,tax consultant
senior accountant,staff accountant
accounting manager,staff accountant
financial analyst,staff accountant
controller,staff accountant
bookkeeper,staff accountant
senior staff accountant,staff accountant
assistant controller,staff accountant
office manager,staff accountant
accounting assistant,staff accountant
junior accountant,staff accountant
senior financial analyst,staff accountant
accounting clerk,staff accountant
consultant,staff accountant
accounting supervisor,staff accountant
tax accountant,staff accountant
senior accountant,senior staff accountant
accounting manager,senior staff accountant
controller,senior staff accountant
assistant controller,senior staff accountant
financial analyst,senior staff accountant
senior financial analyst,senior staff accountant
accounting supervisor,senior staff accountant
consultant,senior staff accountant
bookkeeper,senior staff accountant
project accountant,senior staff accountant
finance manager,senior staff accountant
manager,senior staff accountant
accounting consultant,senior staff accountant
accounting clerk,senior staff accountant
office manager,senior staff accountant
controller,accounting consultant
accounting manager,accounting consultant
staff accountant,accounting consultant
senior accountant,accounting consultant
accountant,accounting consultant
assistant controller,accounting consultant
financial analyst,accounting consultant
accounting supervisor,accounting consultant
bookkeeper,accounting consultant
senior staff accountant,accounting consultant
office manager,accounting consultant
ms sql server,accounting consultant
full charge bookkeeper,accounting consultant
senior cost accountant,accounting consultant
junior accountant,accounting consultant
senior ms sql server,ms sql server
accounting consultant,ms sql server
sql server developer,ms sql server
accountant,ms sql server
accounting manager,ms sql server
accounts payable clerk,ms sql server
sql developer,ms sql server
inventory clerk,ms sql server
inventory controller,ms sql server
accounting internal auditor,ms sql server
assistant divisional accountant,ms sql server
assistant to cost accountant,ms sql server
vb6 programmer,ms sql server
sql server bi developer,ms sql server
sql bi developer,ms sql server
senior accountant,senior financial analyst
manager,senior financial analyst
finance manager,senior financial analyst
staff accountant,senior financial analyst
controller,senior financial analyst
consultant,senior financial analyst
accounting manager,senior financial analyst
accountant,senior financial analyst
director,senior financial analyst
business analyst,senior financial analyst
assistant controller,senior financial analyst
senior business analyst,senior financial analyst
financial consultant,senior financial analyst
project manager,senior financial analyst
senior manager,senior financial analyst
administrative assistant,accounting clerk
accounts payable clerk,accounting clerk
bookkeeper,accounting clerk
staff accountant,accounting clerk
office manager,accounting clerk
accountant,accounting clerk
accounting assistant,accounting clerk
receptionist,accounting clerk
accounts payable specialist,accounting clerk
cashier,accounting clerk
customer service representative,accounting clerk
sales associate,accounting clerk
accounts receivable clerk,accounting clerk
office assistant,accounting clerk
secretary,accounting clerk
sales associate,assistant store manager
assistant manager,assistant store manager
general manager,assistant store manager
department manager,assistant store manager
operations manager,assistant store manager
sales representative,assistant store manager
sales manager,assistant store manager
administrative assistant,assistant store manager
office manager,assistant store manager
owner,assistant store manager
district manager,assistant store manager
customer service representative,assistant store manager
cashier,assistant store manager
supervisor,assistant store manager
intern,assistant store manager
software engineer,software qa engineer
senior software qa engineer,software qa engineer
software test engineer,software qa engineer
senior qa engineer,software qa engineer
qa analyst,software qa engineer
software qa tester,software qa engineer
test engineer,software qa engineer
software quality engineer,software qa engineer
software qa analyst,software qa engineer
project manager,software qa engineer
software qa consultant,software qa engineer
software tester,software qa engineer
quality assurance engineer,software qa engineer
quality assurance analyst,software qa engineer
contractor,software qa engineer
administrative assistant,billing clerk
receptionist,billing clerk
customer service representative,billing clerk
accounting clerk,billing clerk
accounts payable clerk,billing clerk
data entry clerk,billing clerk
office manager,billing clerk
cashier,billing clerk
student practical nurse,billing clerk
assistant manager,billing clerk
medical assistant,billing clerk
office assistant,billing clerk
billing coordinator,billing clerk
billing specialist,billing clerk
dental assistant,billing clerk
research associate,research scientist
research assistant,research scientist
senior research scientist,research scientist
senior scientist,research scientist
postdoctoral fellow,research scientist
research fellow,research scientist
teaching assistant,research scientist
intern,research scientist
graduate research assistant,research scientist
consultant,research scientist
postdoctoral research associate,research scientist
project manager,research scientist
research engineer,research scientist
assistant professor,research scientist
researcher,research scientist
senior net developer,net developer
software engineer,net developer
software developer,net developer
web developer,net developer
programmer,net developer
seniornet developer,net developer
senior software engineer,net developer
role net developer,net developer
application developer,net developer
programmer analyst,net developer
sharepoint developer,net developer
senior programmer analyst,net developer
net,net developer
consultant,net developer
lead developer,net developer
senior sharepoint developer,sharepoint developer
software developer,sharepoint developer
net developer,sharepoint developer
web developer,sharepoint developer
software engineer,sharepoint developer
sharepoint developer business analyst,sharepoint developer
senior software engineer,sharepoint developer
sharepoint architect,sharepoint developer
sharepoint developer admin,sharepoint developer
sharepoint consultant,sharepoint developer
programmer,sharepoint developer
seniornet developer,sharepoint developer
aspnet developer,sharepoint developer
net,sharepoint developer
technical support,sharepoint developer
administrative assistant,contract analyst
contract administrator,contract analyst
financial analyst,contract analyst
staff accountant,contract analyst
contract manager,contract analyst
accountant,contract analyst
oracle consultant,contract analyst
manager,contract analyst
consultant,contract analyst
legal assistant,contract analyst
project manager,contract analyst
laboratory analyst,contract analyst
director,contract analyst
accounting manager,contract analyst
accounts receivable specialist,contract analyst
web developer,senior technology lead
programmer analyst,senior technology lead
front end web developer,senior technology lead
senior ui developer,senior technology lead
senior manager,senior technology lead
assistant instructor,senior technology lead
senior web developer,senior technology lead
web content manager,senior technology lead
head trader,senior technology lead
senior content developer,senior technology lead
senior digital developer,senior technology lead
senior user interface director,senior technology lead
graphic designer,multimedia specialist
graphic artist,multimedia specialist
instructional designer,multimedia specialist
director,multimedia specialist
tap instructor,multimedia specialist
instructor,multimedia specialist
program manager,multimedia specialist
independent consultant,multimedia specialist
assistant manager,multimedia specialist
3d artist,multimedia specialist
art director,multimedia specialist
independent contractor,multimedia specialist
adjunct professor,multimedia specialist
writer,multimedia specialist
creative director,multimedia specialist
senior mechanical engineer,staff mechanical engineer
mechanical design engineer,staff mechanical engineer
project engineer,staff mechanical engineer
manager,staff mechanical engineer
principal mechanical engineer,staff mechanical engineer
senior mechanical design engineer,staff mechanical engineer
staff mechanical design engineer,staff mechanical engineer
staff engineer,staff mechanical engineer
design engineer,staff mechanical engineer
technical manager,staff mechanical engineer
consultant,staff mechanical engineer
project manager,staff mechanical engineer
program manager,staff mechanical engineer
field engineer,staff mechanical engineer
senior engineer,staff mechanical engineer
